{
  "means": [
    4278.641168287953,
    0.09935233203748081,
    6233.877653631285,
    751.55
  ],
  "stds": [
    7976.135536467237,
    0.0740904767442603,
    11769.280011066352,
    2071.0530857061312
  ]
}